timestamp,price,open,lastClose,dayHigh,dayLow,yearLow,yearHigh,50avg,200avg,targetLow,targetMean,targetHigh,forecastNowAvg,forecastNowGrowth,forecastFutureAvg,forecastFutureGrowth,forecastFutureYrAvg,forecastFutureYrGrowth,lastEarningDate,lastEarnExp,lastEarnActual,lastEarnSuprise%,nextEarningDate,nextEarnExepected,text
2023-02-03 10:43:22,156.58999633789062,148.02999877929688,150.82000732421875,157.3800048828125,147.8300018310547,124.16999816894533,179.61000061035156,138.76059951782227,147.8662497329712,122.0,170.88,214.0,1.48,-0.025999999,1.24,1.24,6.14,6.14,2023-02-02 11:00:00-05:00,1.94,1.88,-0.0289,2023-04-26 06:00:00-04:00,1.48,"[""GRAPHIC-Tech trillion club's wobble in four charts"", 'Stock Market Takes Heat After Blowout Jobs Report; Apple, Google, AMZN, QCOM Earnings In Focus', 'Apple Sees Improved Outlook After iPhone Supply Issues Resolved', 'Apple is producing more. But now the worries are who will buy?', 'Apple Stock Turns Higher As iPhone Outlook Offsets Rare Earnings Miss From China Disruptions', 'Dow Jones Slides On Strong January Jobs Report; Apple Reverses Higher; Alphabet, Amazon Drop On Earnings', 'Apple, Alphabet, Amazon Hurt as Economic Slump Crimps Demand', 'Nasdaq Rally Gets a Reality Check as Megacaps Miss']"
2023-02-03 11:01:04,155.9600067138672,148.02999877929688,150.82000732421875,157.3800048828125,147.8300018310547,124.16999816894533,179.61000061035156,138.76059951782227,147.8662497329712,122.0,170.88,214.0,1.48,-0.025999999,1.24,1.24,6.14,6.14,2023-02-02 11:00:00-05:00,1.94,1.88,-0.0289,2023-04-26 06:00:00-04:00,1.48,"['Apple Blames Rotten Holiday Quarter on Supply Chain, Economy', ""GRAPHIC-Tech trillion club's wobble in four charts"", 'Stock Market Takes Heat After Blowout Jobs Report; Apple, Google, AMZN, QCOM Earnings In Focus', 'Apple Sees Improved Outlook After iPhone Supply Issues Resolved', 'Apple is producing more. But now the worries are who will buy?', 'Apple Stock Turns Higher As iPhone Outlook Offsets Rare Earnings Miss From China Disruptions', 'Dow Jones Slides On Strong January Jobs Report; Apple Reverses Higher; Alphabet, Amazon Drop On Earnings', 'Apple, Alphabet, Amazon Hurt as Economic Slump Crimps Demand']"
2023-02-03 12:00:02,155.72500610351562,148.02999877929688,150.82000732421875,157.3800048828125,147.8300018310547,124.16999816894533,179.61000061035156,138.76059951782227,147.8662497329712,122.0,170.88,214.0,1.48,-0.025999999,1.24,1.24,6.14,6.14,2023-02-02 11:00:00-05:00,1.94,1.88,-0.0289,2023-04-26 06:00:00-04:00,1.48,"['January jobs report, Apple Q1 earnings, Nerdy stock surges on AI products: 3 things to watch markets', 'Apple stock in focus as CEO Tim Cook spooks with one phrase', 'Stock Market Recovers After Blowout Jobs Report; Apple, Google, AMZN, QCOM Earnings In Focus', 'Apple Blames Rotten Holiday Quarter on Supply Chain, Economy', ""GRAPHIC-Tech trillion club's wobble in four charts"", 'Apple Sees Improved Outlook After iPhone Supply Issues Resolved', 'Apple is producing more. But now the worries are who will buy?', 'Apple Stock Turns Higher As iPhone Outlook Offsets Rare Earnings Miss From China Disruptions']"
2023-02-03 12:30:02,156.22999572753906,148.02999877929688,150.82000732421875,157.3800048828125,147.8300018310547,124.16999816894533,179.61000061035156,138.76059951782227,147.8662497329712,122.0,170.88,214.0,1.48,-0.025999999,1.24,1.24,6.14,6.14,2023-02-02 11:00:00-05:00,1.94,1.88,-0.0289,2023-04-26 06:00:00-04:00,1.48,"[""Apple Is Far Better Positioned Than Amazon or Alphabet: Here's the Trade"", 'Stock Market Trims Losses After Strong Jobs Report; Apple Stock Surges 4%, Tesla Reverses Higher', 'Qualcomm Stock Rises. The Company Is Diversifying Away From Smartphones and Apple.', ""Apple Sees Improved Outlook; Here's How It's Helping The Stock"", 'January jobs report, Apple Q1 earnings, Nerdy stock surges on AI products: 3 things to watch markets', ""ETFs in Focus on Apple's First Earnings Miss Since 2016"", 'Apple stock in focus as CEO Tim Cook spooks with one phrase', 'Apple Blames Rotten Holiday Quarter on Supply Chain, Economy']"
2023-02-03 13:00:02,154.4600067138672,148.02999877929688,150.82000732421875,157.3800048828125,147.8300018310547,124.16999816894533,179.61000061035156,138.76059951782227,147.8662497329712,122.0,170.88,214.0,1.48,-0.025999999,1.24,1.24,6.14,6.14,2023-02-02 11:00:00-05:00,1.94,1.88,-0.0289,2023-04-26 06:00:00-04:00,1.48,"['Why Apple Stock Was Up on Friday', ""Apple Is Far Better Positioned Than Amazon or Alphabet: Here's the Trade"", 'Stock Market Trims Losses After Strong Jobs Report; Apple Stock Surges 4%, Tesla Reverses Higher', 'Qualcomm Stock Rises. The Company Is Diversifying Away From Smartphones and Apple.', ""Apple Sees Improved Outlook; Here's How It's Helping The Stock"", 'January jobs report, Apple Q1 earnings, Nerdy stock surges on AI products: 3 things to watch markets', ""ETFs in Focus on Apple's First Earnings Miss Since 2016"", 'Apple stock in focus as CEO Tim Cook spooks with one phrase']"
2023-02-03 13:30:01,154.7100067138672,148.02999877929688,150.82000732421875,157.3800048828125,147.8300018310547,124.16999816894533,179.61000061035156,138.76059951782227,147.8662497329712,122.0,170.88,214.0,1.48,-0.025999999,1.24,1.24,6.14,6.14,2023-02-02 11:00:00-05:00,1.94,1.88,-0.0289,2023-04-26 06:00:00-04:00,1.48,"['10 Hot Tech Stocks To Buy Now', 'Stock Market Turns Lower After Strong Jobs Report; Apple Stock Reverses Higher Despite Sluggish Quarter', 'Why Apple Stock Was Up on Friday', ""Apple Is Far Better Positioned Than Amazon or Alphabet: Here's the Trade"", 'Qualcomm Stock Rises. The Company Is Diversifying Away From Smartphones and Apple.', ""Apple Sees Improved Outlook; Here's How It's Helping The Stock"", 'January jobs report, Apple Q1 earnings, Nerdy stock surges on AI products: 3 things to watch markets', ""ETFs in Focus on Apple's First Earnings Miss Since 2016""]"
2023-02-03 14:00:02,155.27999877929688,148.02999877929688,150.82000732421875,157.3800048828125,147.8300018310547,124.16999816894533,179.61000061035156,138.76059951782227,147.8662497329712,122.0,170.88,214.0,1.48,-0.025999999,1.24,1.24,6.14,6.14,2023-02-02 11:00:00-05:00,1.94,1.88,-0.0289,2023-04-26 06:00:00-04:00,1.48,"['Berkshire Hathaway Stock Is Losing to the S&P 500 This Year', 'Market Rally Powers Higher On Tame Fed, Meta Earnings; Apple, Google, Amazon In Focus: Weekly Review', 'Apple Inc. (NASDAQ:AAPL) Q1 2023 Earnings Call Transcript', '10 Hot Tech Stocks To Buy Now', 'Stock Market Turns Lower After Strong Jobs Report; Apple Stock Reverses Higher Despite Sluggish Quarter', 'Why Apple Stock Was Up on Friday', ""Apple Is Far Better Positioned Than Amazon or Alphabet: Here's the Trade"", 'Qualcomm Stock Rises. The Company Is Diversifying Away From Smartphones and Apple.']"
2023-02-03 14:30:01,154.91000366210938,148.02999877929688,150.82000732421875,157.3800048828125,147.8300018310547,124.16999816894533,179.61000061035156,138.76059951782227,147.8662497329712,122.0,170.88,214.0,1.48,-0.025999999,1.24,1.24,6.14,6.14,2023-02-02 11:00:00-05:00,1.94,1.88,-0.0289,2023-04-26 06:00:00-04:00,1.48,"['Berkshire Hathaway Stock Is Losing to the S&P 500 This Year', 'Market Rally Powers Higher On Tame Fed, Meta Earnings; Apple, Google, Amazon In Focus: Weekly Review', 'Apple Inc. (NASDAQ:AAPL) Q1 2023 Earnings Call Transcript', '10 Hot Tech Stocks To Buy Now', 'Stock Market Turns Lower After Strong Jobs Report; Apple Stock Reverses Higher Despite Sluggish Quarter', 'Why Apple Stock Was Up on Friday', ""Apple Is Far Better Positioned Than Amazon or Alphabet: Here's the Trade"", 'Qualcomm Stock Rises. The Company Is Diversifying Away From Smartphones and Apple.']"
2023-02-03 15:00:02,154.46499633789062,148.02999877929688,150.82000732421875,157.3800048828125,147.8300018310547,124.16999816894533,179.61000061035156,138.76059951782227,147.8662497329712,122.0,170.88,214.0,1.48,-0.025999999,1.24,1.24,6.14,6.14,2023-02-02 11:00:00-05:00,1.94,1.88,-0.0289,2023-04-26 06:00:00-04:00,1.48,"[""We've Dug Deeper Into 4 High Profile Portfolio Earnings Reports"", '2023 Top Dow Jones Stocks To Buy And Watch In February: Apple Surges On Earnings', 'US STOCKS-Wall Street sinks after stunning jobs growth raises questions about Fed', 'Berkshire Hathaway Stock Is Losing to the S&P 500 This Year', 'Market Rally Powers Higher On Tame Fed, Meta Earnings; Apple, Google, Amazon In Focus: Weekly Review', 'Apple Inc. (NASDAQ:AAPL) Q1 2023 Earnings Call Transcript', '10 Hot Tech Stocks To Buy Now', 'Stock Market Turns Lower After Strong Jobs Report; Apple Stock Reverses Higher Despite Sluggish Quarter']"
2023-02-03 15:30:01,154.875,148.02999877929688,150.82000732421875,157.3800048828125,147.8300018310547,124.16999816894533,179.61000061035156,138.76059951782227,147.8662497329712,122.0,170.88,214.0,1.48,-0.025999999,1.24,1.24,6.14,6.14,2023-02-02 11:00:00-05:00,1.94,1.88,-0.0289,2023-04-26 06:00:00-04:00,1.48,"['Why FAANG Stocks Made Big Moves Friday', ""We've Dug Deeper Into 4 High Profile Portfolio Earnings Reports"", '2023 Top Dow Jones Stocks To Buy And Watch In February: Apple Surges On Earnings', 'US STOCKS-Wall Street sinks after stunning jobs growth raises questions about Fed', 'Berkshire Hathaway Stock Is Losing to the S&P 500 This Year', 'Market Update: AAPL, AMZN, BA, BYD, HSY, SKX, WEC, BMI, GM', 'Market Rally Powers Higher On Tame Fed, Meta Earnings; Apple, Google, Amazon In Focus: Weekly Review', 'Apple Inc. (NASDAQ:AAPL) Q1 2023 Earnings Call Transcript']"
2023-02-03 16:00:02,154.5,148.02999877929688,150.82000732421875,157.3800048828125,147.8300018310547,124.16999816894533,179.61000061035156,138.76059951782227,147.8662497329712,122.0,170.88,214.0,1.48,-0.025999999,1.24,1.24,6.14,6.14,2023-02-02 11:00:00-05:00,1.94,1.88,-0.0289,2023-04-26 06:00:00-04:00,1.48,"['Apple’s earnings were a lot better than they look', 'Big Tech stocks: How Meta, Apple, Amazon are trading after earnings', 'Why FAANG Stocks Made Big Moves Friday', ""We've Dug Deeper Into 4 High Profile Portfolio Earnings Reports"", '2023 Top Dow Jones Stocks To Buy And Watch In February: Apple Surges On Earnings', 'US STOCKS-Wall Street sinks after stunning jobs growth raises questions about Fed', 'Berkshire Hathaway Stock Is Losing to the S&P 500 This Year', 'Market Update: AAPL, AMZN, BA, BYD, HSY, SKX, WEC, BMI, GM']"
2023-02-03 16:30:02,154.5,148.02999877929688,150.82000732421875,157.3800048828125,147.8300018310547,124.16999816894533,179.61000061035156,138.76059951782227,147.8662497329712,122.0,170.88,214.0,1.48,-0.025999999,1.24,1.24,6.14,6.14,2023-02-02 11:00:00-05:00,1.94,1.88,-0.0289,2023-04-26 06:00:00-04:00,1.48,"['US STOCKS-Wall Street ends down after stunning jobs growth raises Fed questions', ""Apple Sees Improved Outlook; Here's How It's Helping The Stock"", 'Stock market news live updates: Stocks slide after jobs report shocks, Big Tech results disappoint', 'Apple’s earnings were a lot better than they look', 'Big Tech stocks: How Meta, Apple, Amazon are trading after earnings', 'Why FAANG Stocks Made Big Moves Friday', ""We've Dug Deeper Into 4 High Profile Portfolio Earnings Reports"", 'Making Sense of Apple, Amazon and Big Tech Earnings']"
2023-02-03 17:00:02,154.5,148.02999877929688,150.82000732421875,157.3800048828125,147.8300018310547,124.16999816894533,179.61000061035156,138.76059951782227,147.8662497329712,122.0,170.88,214.0,1.48,-0.025999999,1.24,1.24,6.14,6.14,2023-02-02 11:00:00-05:00,1.94,1.88,-0.0289,2023-04-26 06:00:00-04:00,1.48,"['Tech Megacaps See Red as Earnings Disappoint', 'US STOCKS-Wall Street ends down after stunning jobs growth raises Fed questions', ""Apple Sees Improved Outlook; Here's How It's Helping The Stock"", 'Stock market news live updates: Stocks slide after jobs report shocks, Big Tech results disappoint', 'Apple’s earnings were a lot better than they look', 'Big Tech stocks: How Meta, Apple, Amazon are trading after earnings', 'Why FAANG Stocks Made Big Moves Friday', ""We've Dug Deeper Into 4 High Profile Portfolio Earnings Reports""]"
2023-02-03 17:30:01,154.5,148.02999877929688,150.82000732421875,157.3800048828125,147.8300018310547,124.16999816894533,179.61000061035156,138.76059951782227,147.8662497329712,122.0,170.88,214.0,1.48,-0.025999999,1.24,1.24,6.14,6.14,2023-02-02 11:00:00-05:00,1.94,1.88,-0.0289,2023-04-26 06:00:00-04:00,1.48,"['Why Apple Stock Gained 11% in January', 'Tech Megacaps See Red as Earnings Disappoint', 'US STOCKS-Wall Street ends down after stunning jobs growth raises Fed questions', ""Apple Sees Improved Outlook; Here's How It's Helping The Stock"", 'Stock market news live updates: Stocks slide after jobs report shocks, Big Tech results disappoint', 'Apple’s earnings were a lot better than they look', 'Big Tech stocks: How Meta, Apple, Amazon are trading after earnings', 'Why FAANG Stocks Made Big Moves Friday']"
2023-02-06 09:00:01,154.5,148.02999877929688,150.82000732421875,157.3800048828125,147.8300018310547,124.16999816894533,179.61000061035156,138.89039962768555,147.80174976348877,118.0,168.9,210.0,1.43,-0.059,1.24,1.24,6.04,6.04,2023-02-02 11:00:00-05:00,1.94,1.88,-0.0289,2023-04-26 06:00:00-04:00,1.43,"['3 Stocks to Avoid This Week', '3 Stocks I Will Never Sell', 'Stock market is basically going nowhere for the rest of the year: Goldman Sachs', 'Why the red hot stock market is ripe for a cooldown: Morning Brief', 'Amazon, Alphabet, Apple, Meta and Microsoft are part of Zacks Earnings Preview', ""Shakeup at AIG, Ryan Cohen's Nordstrom stake: Hedge funds and C-suites weekly"", 'UPDATE 1-Retailers offering discounts on high-end iPhones in China', 'Retailers offering discounts on high-end iPhones in China']"
2023-02-06 09:30:01,152.58999633789062,148.02999877929688,154.5,152.64999389648438,152.30999755859375,124.16999816894533,179.61000061035156,138.89039962768555,147.80174976348877,118.0,168.9,210.0,1.43,-0.059,1.24,1.24,6.04,6.04,2023-02-02 11:00:00-05:00,1.94,1.88,-0.0289,2023-04-26 06:00:00-04:00,1.43,"['3 Stocks to Avoid This Week', '3 Stocks I Will Never Sell', 'Stock market is basically going nowhere for the rest of the year: Goldman Sachs', 'Why the red hot stock market is ripe for a cooldown: Morning Brief', 'Amazon, Alphabet, Apple, Meta and Microsoft are part of Zacks Earnings Preview', ""Shakeup at AIG, Ryan Cohen's Nordstrom stake: Hedge funds and C-suites weekly"", 'UPDATE 1-Retailers offering discounts on high-end iPhones in China', 'Retailers offering discounts on high-end iPhones in China']"
2023-02-06 10:00:02,152.1999969482422,152.5749969482422,154.5,153.10000610351562,151.71139526367188,124.16999816894533,179.61000061035156,138.89039962768555,147.80174976348877,118.0,168.9,210.0,1.43,-0.059,1.24,1.24,6.04,6.04,2023-02-02 11:00:00-05:00,1.94,1.88,-0.0289,2023-04-26 06:00:00-04:00,1.43,"['Stocks open lower, Tesla stock climbs as Apple and Microsoft slide', 'Apple’s Latest iPhones Sell at $100-Plus Discounts in China', '3 Stocks to Avoid This Week', '3 Stocks I Will Never Sell', 'Stock market is basically going nowhere for the rest of the year: Goldman Sachs', 'Why the red hot stock market is ripe for a cooldown: Morning Brief', 'Amazon, Alphabet, Apple, Meta and Microsoft are part of Zacks Earnings Preview', ""Shakeup at AIG, Ryan Cohen's Nordstrom stake: Hedge funds and C-suites weekly""]"
2023-02-06 10:30:02,151.1999969482422,152.5749969482422,154.5,153.10000610351562,151.1999969482422,124.16999816894533,179.61000061035156,138.89039962768555,147.80174976348877,118.0,168.9,210.0,1.43,-0.059,1.24,1.24,6.04,6.04,2023-02-02 11:00:00-05:00,1.94,1.88,-0.0289,2023-04-26 06:00:00-04:00,1.43,"['Apple Heads the Management Top 250 All-Stars', 'Stocks open lower, Tesla stock climbs as Apple and Microsoft slide', 'Apple’s Latest iPhones Sell at $100-Plus Discounts in China', 'Is Trending Stock Apple Inc. (AAPL) a Buy Now?', ""Apple's Chinese Retailers Use Discounts For Premium iPhones To Spur Demand, Analyst Snubs Move"", '3 Stocks to Avoid This Week', '3 Stocks I Will Never Sell', 'Stock market is basically going nowhere for the rest of the year: Goldman Sachs']"
2023-02-06 11:30:02,152.88999938964844,152.5749969482422,154.5,153.10000610351562,150.89999389648438,124.16999816894533,179.61000061035156,138.89039962768555,147.80174976348877,118.0,168.9,210.0,1.43,-0.059,1.24,1.24,6.04,6.04,2023-02-02 11:00:00-05:00,1.94,1.88,-0.0289,2023-04-26 06:00:00-04:00,1.43,"['Why Taiwan Semiconductor Manufacturing Is Falling Today', 'Apple iPhone 14 being sold at discount in China: Report', '1 Supercharged Nasdaq Stock to Buy Hand Over Fist Before It Jumps Higher', 'Apple Heads the Management Top 250 All-Stars', 'Stocks open lower, Tesla stock climbs as Apple and Microsoft slide', 'Apple’s Latest iPhones Sell at $100-Plus Discounts in China', 'Company News for Feb 6, 2023', 'Is Trending Stock Apple Inc. (AAPL) a Buy Now?']"
2023-02-06 12:00:02,151.92999267578125,152.5749969482422,154.5,153.10000610351562,150.89999389648438,124.16999816894533,179.61000061035156,138.89039962768555,147.80174976348877,118.0,168.9,210.0,1.43,-0.059,1.24,1.24,6.04,6.04,2023-02-02 11:00:00-05:00,1.94,1.88,-0.0289,2023-04-26 06:00:00-04:00,1.43,"['Why Taiwan Semiconductor Manufacturing Is Falling Today', 'Apple iPhone 14 being sold at discount in China: Report', '1 Supercharged Nasdaq Stock to Buy Hand Over Fist Before It Jumps Higher', 'Apple Heads the Management Top 250 All-Stars', 'Stocks open lower, Tesla stock climbs as Apple and Microsoft slide', 'Apple’s Latest iPhones Sell at $100-Plus Discounts in China', 'Company News for Feb 6, 2023', 'Is Trending Stock Apple Inc. (AAPL) a Buy Now?']"
2023-02-06 12:30:02,152.3300018310547,152.5749969482422,154.5,153.10000610351562,150.89999389648438,124.16999816894533,179.61000061035156,138.89039962768555,147.80174976348877,118.0,168.9,210.0,1.43,-0.059,1.24,1.24,6.04,6.04,2023-02-02 11:00:00-05:00,1.94,1.88,-0.0289,2023-04-26 06:00:00-04:00,1.43,"['Why Taiwan Semiconductor Manufacturing Is Falling Today', 'Apple iPhone 14 being sold at discount in China: Report', '1 Supercharged Nasdaq Stock to Buy Hand Over Fist Before It Jumps Higher', 'Apple Heads the Management Top 250 All-Stars', 'Stocks open lower, Tesla stock climbs as Apple and Microsoft slide', 'Apple’s Latest iPhones Sell at $100-Plus Discounts in China', 'Company News for Feb 6, 2023', 'Is Trending Stock Apple Inc. (AAPL) a Buy Now?']"
2023-02-06 13:00:02,152.2751007080078,152.5749969482422,154.5,153.10000610351562,150.89999389648438,124.16999816894533,179.61000061035156,138.89039962768555,147.80174976348877,118.0,168.9,210.0,1.43,-0.059,1.24,1.24,6.04,6.04,2023-02-02 11:00:00-05:00,1.94,1.88,-0.0289,2023-04-26 06:00:00-04:00,1.43,"['Why Taiwan Semiconductor Manufacturing Is Falling Today', 'Apple iPhone 14 being sold at discount in China: Report', '1 Supercharged Nasdaq Stock to Buy Hand Over Fist Before It Jumps Higher', 'Apple Heads the Management Top 250 All-Stars', 'Stocks open lower, Tesla stock climbs as Apple and Microsoft slide', 'Apple’s Latest iPhones Sell at $100-Plus Discounts in China', 'Company News for Feb 6, 2023', 'Is Trending Stock Apple Inc. (AAPL) a Buy Now?']"
2023-02-06 13:30:01,151.92999267578125,152.5749969482422,154.5,153.10000610351562,150.89999389648438,124.16999816894533,179.61000061035156,138.89039962768555,147.80174976348877,118.0,168.9,210.0,1.43,-0.059,1.24,1.24,6.04,6.04,2023-02-02 11:00:00-05:00,1.94,1.88,-0.0289,2023-04-26 06:00:00-04:00,1.43,"['Why Taiwan Semiconductor Manufacturing Is Falling Today', 'Apple iPhone 14 being sold at discount in China: Report', '1 Supercharged Nasdaq Stock to Buy Hand Over Fist Before It Jumps Higher', 'Apple Heads the Management Top 250 All-Stars', 'Stocks open lower, Tesla stock climbs as Apple and Microsoft slide', 'Apple’s Latest iPhones Sell at $100-Plus Discounts in China', 'Company News for Feb 6, 2023', 'Is Trending Stock Apple Inc. (AAPL) a Buy Now?']"
2023-02-06 14:00:02,152.2050018310547,152.5749969482422,154.5,153.10000610351562,150.89999389648438,124.16999816894533,179.61000061035156,138.89039962768555,147.80174976348877,118.0,168.9,210.0,1.43,-0.059,1.24,1.24,6.04,6.04,2023-02-02 11:00:00-05:00,1.94,1.88,-0.0289,2023-04-26 06:00:00-04:00,1.43,"['Why Taiwan Semiconductor Manufacturing Is Falling Today', 'Apple iPhone 14 being sold at discount in China: Report', '1 Supercharged Nasdaq Stock to Buy Hand Over Fist Before It Jumps Higher', 'Apple Heads the Management Top 250 All-Stars', 'Stocks open lower, Tesla stock climbs as Apple and Microsoft slide', 'Apple’s Latest iPhones Sell at $100-Plus Discounts in China', 'Company News for Feb 6, 2023', 'Is Trending Stock Apple Inc. (AAPL) a Buy Now?']"
2023-02-06 14:30:02,152.36000061035156,152.5749969482422,154.5,153.10000610351562,150.89999389648438,124.16999816894533,179.61000061035156,138.89039962768555,147.80174976348877,118.0,168.9,210.0,1.43,-0.059,1.24,1.24,6.04,6.04,2023-02-02 11:00:00-05:00,1.94,1.88,-0.0289,2023-04-26 06:00:00-04:00,1.43,"['Why Taiwan Semiconductor Manufacturing Is Falling Today', 'Apple iPhone 14 being sold at discount in China: Report', '1 Supercharged Nasdaq Stock to Buy Hand Over Fist Before It Jumps Higher', 'Apple Heads the Management Top 250 All-Stars', 'Stocks open lower, Tesla stock climbs as Apple and Microsoft slide', 'Apple’s Latest iPhones Sell at $100-Plus Discounts in China', 'Company News for Feb 6, 2023', 'Is Trending Stock Apple Inc. (AAPL) a Buy Now?']"
2023-02-06 15:00:02,151.65499877929688,152.5749969482422,154.5,153.10000610351562,150.89999389648438,124.16999816894533,179.61000061035156,138.89039962768555,147.80174976348877,118.0,168.9,210.0,1.43,-0.059,1.24,1.24,6.04,6.04,2023-02-02 11:00:00-05:00,1.94,1.88,-0.0289,2023-04-26 06:00:00-04:00,1.43,"['Why Taiwan Semiconductor Manufacturing Is Falling Today', 'Apple iPhone 14 being sold at discount in China: Report', '1 Supercharged Nasdaq Stock to Buy Hand Over Fist Before It Jumps Higher', 'Apple Heads the Management Top 250 All-Stars', 'Stocks open lower, Tesla stock climbs as Apple and Microsoft slide', 'Apple’s Latest iPhones Sell at $100-Plus Discounts in China', 'Company News for Feb 6, 2023', 'Is Trending Stock Apple Inc. (AAPL) a Buy Now?']"
2023-02-06 15:30:02,150.80499267578125,152.5749969482422,154.5,153.10000610351562,150.77999877929688,124.16999816894533,179.61000061035156,138.89039962768555,147.80174976348877,118.0,168.9,210.0,1.43,-0.059,1.24,1.24,6.04,6.04,2023-02-02 11:00:00-05:00,1.94,1.88,-0.0289,2023-04-26 06:00:00-04:00,1.43,"['Why Taiwan Semiconductor Manufacturing Is Falling Today', 'Apple iPhone 14 being sold at discount in China: Report', '1 Supercharged Nasdaq Stock to Buy Hand Over Fist Before It Jumps Higher', 'Apple Heads the Management Top 250 All-Stars', 'Stocks open lower, Tesla stock climbs as Apple and Microsoft slide', 'Apple’s Latest iPhones Sell at $100-Plus Discounts in China', 'Company News for Feb 6, 2023', 'Is Trending Stock Apple Inc. (AAPL) a Buy Now?']"
2023-02-06 16:00:02,151.72999572753906,152.5749969482422,154.5,153.10000610351562,150.77999877929688,124.16999816894533,179.61000061035156,138.89039962768555,147.80174976348877,118.0,168.9,210.0,1.43,-0.059,1.24,1.24,6.04,6.04,2023-02-02 11:00:00-05:00,1.94,1.88,-0.0289,2023-04-26 06:00:00-04:00,1.43,"['Why Taiwan Semiconductor Manufacturing Is Falling Today', 'Apple iPhone 14 being sold at discount in China: Report', '1 Supercharged Nasdaq Stock to Buy Hand Over Fist Before It Jumps Higher', 'Apple Heads the Management Top 250 All-Stars', 'Stocks open lower, Tesla stock climbs as Apple and Microsoft slide', 'Apple’s Latest iPhones Sell at $100-Plus Discounts in China', 'Company News for Feb 6, 2023', 'Is Trending Stock Apple Inc. (AAPL) a Buy Now?']"
2023-02-06 16:30:02,151.72999572753906,152.5749969482422,154.5,153.10000610351562,150.77999877929688,124.16999816894533,179.61000061035156,138.89039962768555,147.80174976348877,118.0,168.9,210.0,1.43,-0.059,1.24,1.24,6.04,6.04,2023-02-02 11:00:00-05:00,1.94,1.88,-0.0289,2023-04-26 06:00:00-04:00,1.43,"['Why Taiwan Semiconductor Manufacturing Is Falling Today', 'Apple iPhone 14 being sold at discount in China: Report', '1 Supercharged Nasdaq Stock to Buy Hand Over Fist Before It Jumps Higher', 'Apple Heads the Management Top 250 All-Stars', 'Stocks open lower, Tesla stock climbs as Apple and Microsoft slide', 'Apple’s Latest iPhones Sell at $100-Plus Discounts in China', 'Company News for Feb 6, 2023', 'Is Trending Stock Apple Inc. (AAPL) a Buy Now?']"
2023-02-06 17:00:02,151.72999572753906,152.5749969482422,154.5,153.10000610351562,150.77999877929688,124.16999816894533,179.61000061035156,138.89039962768555,147.80174976348877,118.0,168.9,210.0,1.43,-0.059,1.24,1.24,6.04,6.04,2023-02-02 11:00:00-05:00,1.94,1.88,-0.0289,2023-04-26 06:00:00-04:00,1.43,"['Why Taiwan Semiconductor Manufacturing Is Falling Today', 'Apple iPhone 14 being sold at discount in China: Report', '1 Supercharged Nasdaq Stock to Buy Hand Over Fist Before It Jumps Higher', 'Apple Heads the Management Top 250 All-Stars', 'Stocks open lower, Tesla stock climbs as Apple and Microsoft slide', 'Apple’s Latest iPhones Sell at $100-Plus Discounts in China', 'Company News for Feb 6, 2023', 'Is Trending Stock Apple Inc. (AAPL) a Buy Now?']"
2023-02-06 17:30:02,151.72999572753906,152.5749969482422,154.5,153.10000610351562,150.77999877929688,124.16999816894533,179.61000061035156,138.89039962768555,147.80174976348877,118.0,168.9,210.0,1.43,-0.059,1.24,1.24,6.04,6.04,2023-02-02 11:00:00-05:00,1.94,1.88,-0.0289,2023-04-26 06:00:00-04:00,1.43,"['Why Taiwan Semiconductor Manufacturing Is Falling Today', 'Apple iPhone 14 being sold at discount in China: Report', '1 Supercharged Nasdaq Stock to Buy Hand Over Fist Before It Jumps Higher', 'Apple Heads the Management Top 250 All-Stars', 'Stocks open lower, Tesla stock climbs as Apple and Microsoft slide', 'Apple’s Latest iPhones Sell at $100-Plus Discounts in China', 'Company News for Feb 6, 2023', 'Is Trending Stock Apple Inc. (AAPL) a Buy Now?']"
2023-02-07 10:00:02,152.32000732421875,150.63999938964844,151.72999572753906,152.9250030517578,150.66000366210938,124.16999816894533,179.61000061035156,138.9213996887207,147.72424976348876,118.0,169.17,210.0,1.43,-0.059,1.24,1.24,6.04,6.04,2023-02-02 11:00:00-05:00,1.94,1.88,-0.0289,2023-04-26 06:00:00-04:00,1.43,"[""Apple's Stock Is Resilient, but Business Is Not Immune to Macro Headwinds"", 'PayPal Gains In Early 2023 Amid Buyback But Apple Pay Bugaboo Remains', 'Where Will Qualcomm Stock Be In 1 Year?', ""7 Red Flags for Apple's Future"", ""Will Apple Learn From Meta's Virtual Reality Mistakes?"", 'The Market’s Breadth Is Improving as More Stocks Join Rally', ""Younger Customers Are Driving American Express' Results"", 'Time to Buy PayPal Stock Before Earnings?']"
2023-02-07 10:30:02,152.3000030517578,150.63999938964844,151.72999572753906,152.9250030517578,150.66000366210938,124.16999816894533,179.61000061035156,138.9213996887207,147.72424976348876,118.0,169.17,210.0,1.43,-0.059,1.24,1.24,6.04,6.04,2023-02-02 11:00:00-05:00,1.94,1.88,-0.0289,2023-04-26 06:00:00-04:00,1.43,"[""Apple's Stock Is Resilient, but Business Is Not Immune to Macro Headwinds"", 'PayPal Gains In Early 2023 Amid Buyback But Apple Pay Bugaboo Remains', 'Where Will Qualcomm Stock Be In 1 Year?', ""7 Red Flags for Apple's Future"", ""Will Apple Learn From Meta's Virtual Reality Mistakes?"", 'The Market’s Breadth Is Improving as More Stocks Join Rally', ""Younger Customers Are Driving American Express' Results"", 'Time to Buy PayPal Stock Before Earnings?']"
2023-02-07 11:00:02,152.64999389648438,150.63999938964844,151.72999572753906,153.19000244140625,150.66000366210938,124.16999816894533,179.61000061035156,138.9213996887207,147.72424976348876,118.0,169.17,210.0,1.43,-0.059,1.24,1.24,6.04,6.04,2023-02-02 11:00:00-05:00,1.94,1.88,-0.0289,2023-04-26 06:00:00-04:00,1.43,"[""Apple's Stock Is Resilient, but Business Is Not Immune to Macro Headwinds"", 'PayPal Gains In Early 2023 Amid Buyback But Apple Pay Bugaboo Remains', 'Where Will Qualcomm Stock Be In 1 Year?', ""7 Red Flags for Apple's Future"", ""Will Apple Learn From Meta's Virtual Reality Mistakes?"", 'The Market’s Breadth Is Improving as More Stocks Join Rally', ""Younger Customers Are Driving American Express' Results"", 'Time to Buy PayPal Stock Before Earnings?']"
2023-02-07 11:30:02,153.19000244140625,150.63999938964844,151.72999572753906,153.36500549316406,150.66000366210938,124.16999816894533,179.61000061035156,138.9213996887207,147.72424976348876,118.0,169.17,210.0,1.43,-0.059,1.24,1.24,6.04,6.04,2023-02-02 11:00:00-05:00,1.94,1.88,-0.0289,2023-04-26 06:00:00-04:00,1.43,"['Google, Apple, Amazon Send Supplies to Assist Turkey in Aftermath of Earthquake', ""Apple's Stock Is Resilient, but Business Is Not Immune to Macro Headwinds"", 'PayPal Gains In Early 2023 Amid Buyback But Apple Pay Bugaboo Remains', 'Where Will Qualcomm Stock Be In 1 Year?', ""7 Red Flags for Apple's Future"", ""Will Apple Learn From Meta's Virtual Reality Mistakes?"", 'The Market’s Breadth Is Improving as More Stocks Join Rally', ""Younger Customers Are Driving American Express' Results""]"
2023-02-07 12:30:01,152.63999938964844,150.63999938964844,151.72999572753906,153.58999633789062,150.66000366210938,124.16999816894533,179.61000061035156,138.9213996887207,147.72424976348876,118.0,169.17,210.0,1.43,-0.059,1.24,1.24,6.04,6.04,2023-02-02 11:00:00-05:00,1.94,1.88,-0.0289,2023-04-26 06:00:00-04:00,1.43,"['Google, Apple, Amazon Send Supplies to Assist Turkey in Aftermath of Earthquake', ""Apple's Stock Is Resilient, but Business Is Not Immune to Macro Headwinds"", 'PayPal Gains In Early 2023 Amid Buyback But Apple Pay Bugaboo Remains', 'Where Will Qualcomm Stock Be In 1 Year?', ""7 Red Flags for Apple's Future"", ""Will Apple Learn From Meta's Virtual Reality Mistakes?"", 'The Market’s Breadth Is Improving as More Stocks Join Rally', ""Younger Customers Are Driving American Express' Results""]"
2023-02-07 13:00:01,154.91000366210938,150.63999938964844,151.72999572753906,155.22999572753906,150.66000366210938,124.16999816894533,179.61000061035156,138.9213996887207,147.72424976348876,118.0,169.17,210.0,1.43,-0.059,1.24,1.24,6.04,6.04,2023-02-02 11:00:00-05:00,1.94,1.88,-0.0289,2023-04-26 06:00:00-04:00,1.43,"['Google, Apple, Amazon Send Supplies to Assist Turkey in Aftermath of Earthquake', ""Apple's Stock Is Resilient, but Business Is Not Immune to Macro Headwinds"", 'PayPal Gains In Early 2023 Amid Buyback But Apple Pay Bugaboo Remains', 'Where Will Qualcomm Stock Be In 1 Year?', ""7 Red Flags for Apple's Future"", ""Will Apple Learn From Meta's Virtual Reality Mistakes?"", 'The Market’s Breadth Is Improving as More Stocks Join Rally', ""Younger Customers Are Driving American Express' Results""]"
2023-02-07 13:30:02,152.6999969482422,150.63999938964844,151.72999572753906,155.22999572753906,150.66000366210938,124.16999816894533,179.61000061035156,138.9213996887207,147.72424976348876,118.0,169.17,210.0,1.43,-0.059,1.24,1.24,6.04,6.04,2023-02-02 11:00:00-05:00,1.94,1.88,-0.0289,2023-04-26 06:00:00-04:00,1.43,"['Why Biden’s State of the Union address will mention taxes on share buybacks', 'Google, Apple, Amazon Send Supplies to Assist Turkey in Aftermath of Earthquake', ""Apple's Stock Is Resilient, but Business Is Not Immune to Macro Headwinds"", 'PayPal Gains In Early 2023 Amid Buyback But Apple Pay Bugaboo Remains', 'Where Will Qualcomm Stock Be In 1 Year?', ""7 Red Flags for Apple's Future"", ""Will Apple Learn From Meta's Virtual Reality Mistakes?"", 'The Market’s Breadth Is Improving as More Stocks Join Rally']"
2023-02-07 15:00:02,154.41000366210938,150.63999938964844,151.72999572753906,155.22999572753906,150.66000366210938,124.16999816894533,179.61000061035156,138.9213996887207,147.72424976348876,118.0,169.17,210.0,1.43,-0.059,1.24,1.24,6.04,6.04,2023-02-02 11:00:00-05:00,1.94,1.88,-0.0289,2023-04-26 06:00:00-04:00,1.43,"['Biden targets stock buybacks — do they help you as an investor?', ""Amazon's Trucks Headed Towards Turkey in Earthquake Relief"", 'Google, Apple, Amazon Send Supplies to Assist Turkey in Aftermath of Earthquake', ""Apple's Stock Is Resilient, but Business Is Not Immune to Macro Headwinds"", 'PayPal Gains In Early 2023 Amid Buyback But Apple Pay Bugaboo Remains', 'Where Will Qualcomm Stock Be In 1 Year?', ""7 Red Flags for Apple's Future"", ""Will Apple Learn From Meta's Virtual Reality Mistakes?""]"
2023-02-07 15:30:02,154.3430938720703,150.63999938964844,151.72999572753906,155.22999572753906,150.66000366210938,124.16999816894533,179.61000061035156,138.9213996887207,147.72424976348876,118.0,169.17,210.0,1.43,-0.059,1.24,1.24,6.04,6.04,2023-02-02 11:00:00-05:00,1.94,1.88,-0.0289,2023-04-26 06:00:00-04:00,1.43,"['Major Cary development near Apple to feature 600 apartments, hotel, restaurant and office space', 'Biden targets stock buybacks — do they help you as an investor?', ""Amazon's Trucks Headed Towards Turkey in Earthquake Relief"", 'Never Lose Your Things Again — The Startup Pouring Gasoline on the Apple AirTag', 'Google, Apple, Amazon Send Supplies to Assist Turkey in Aftermath of Earthquake', ""Apple's Stock Is Resilient, but Business Is Not Immune to Macro Headwinds"", 'PayPal Gains In Early 2023 Amid Buyback But Apple Pay Bugaboo Remains', 'Where Will Qualcomm Stock Be In 1 Year?']"
2023-02-07 16:00:01,154.64999389648438,150.63999938964844,151.72999572753906,155.22999572753906,150.66000366210938,124.16999816894533,179.61000061035156,138.9213996887207,147.72424976348876,118.0,169.17,210.0,1.43,-0.059,1.24,1.24,6.04,6.04,2023-02-02 11:00:00-05:00,1.94,1.88,-0.0289,2023-04-26 06:00:00-04:00,1.43,"['Is Apple (AAPL) a Smart Long-Term Buy?', 'Major Cary development near Apple to feature 600 apartments, hotel, restaurant and office space', 'Biden targets stock buybacks — do they help you as an investor?', ""Amazon's Trucks Headed Towards Turkey in Earthquake Relief"", 'Never Lose Your Things Again — The Startup Pouring Gasoline on the Apple AirTag', 'Google, Apple, Amazon Send Supplies to Assist Turkey in Aftermath of Earthquake', ""Apple's Stock Is Resilient, but Business Is Not Immune to Macro Headwinds"", 'PayPal Gains In Early 2023 Amid Buyback But Apple Pay Bugaboo Remains']"
2023-02-13 09:00:02,151.00999450683594,149.4600067138672,151.015,151.33999633789062,149.22000122070312,124.16999816894533,179.61000061035156,139.3989991760254,147.52704967498778,118.0,169.15,210.0,1.43,-0.059,1.24,1.24,5.98,5.98,2023-02-02 11:00:00-05:00,1.94,1.88,-0.0289,2023-04-26 06:00:00-04:00,1.43,"['With 54% institutional ownership, Apple Inc. (NASDAQ:AAPL) is a favorite amongst the big guns', 'Apple Supplier Salcomp To Expand Workforce In India, Reduce Dependence On China', 'Apple, Amazon, Walmart: Adani Group Is Trading At Higher Valuations Than These Companies Despite Market Rout', 'UPDATE 2-Apple supplier Salcomp sees India revenue of $2-$3 bln, plans rapid hiring', 'From Apple to VW, CEOs Gradually Returning to China After Its Reopening', '12 Most Promising Small-Cap Stocks According to Analysts', 'Target, Amazon and 4 More Retailers That Will Reward You for Turning in Your Old Stuff', 'Largest U.S. Pension Buys Up Apple, Tesla, and Disney Stock. It Sold Walmart.']"
2023-02-13 09:30:02,151.27000427246094,149.4600067138672,151.02,151.42999267578125,150.9199981689453,124.16999816894533,179.61000061035156,139.3989991760254,147.52704967498778,118.0,169.15,210.0,1.43,-0.059,1.24,1.24,5.98,5.98,2023-02-02 11:00:00-05:00,1.94,1.88,-0.0289,2023-04-26 06:00:00-04:00,1.43,"['Is Apple Stock A Buy After December-Quarter Earnings Miss?', 'With 54% institutional ownership, Apple Inc. (NASDAQ:AAPL) is a favorite amongst the big guns', 'Apple Supplier Salcomp To Expand Workforce In India, Reduce Dependence On China', 'Apple, Amazon, Walmart: Adani Group Is Trading At Higher Valuations Than These Companies Despite Market Rout', 'UPDATE 2-Apple supplier Salcomp sees India revenue of $2-$3 bln, plans rapid hiring', 'From Apple to VW, CEOs Gradually Returning to China After Its Reopening', '12 Most Promising Small-Cap Stocks According to Analysts', 'Target, Amazon and 4 More Retailers That Will Reward You for Turning in Your Old Stuff']"
2023-02-13 10:00:01,152.3000030517578,150.95199584960938,151.02,152.35000610351562,150.9199981689453,124.16999816894533,179.61000061035156,139.3989991760254,147.52704967498778,118.0,169.15,210.0,1.43,-0.059,1.24,1.24,5.98,5.98,2023-02-02 11:00:00-05:00,1.94,1.88,-0.0289,2023-04-26 06:00:00-04:00,1.43,"['2 Chip Stocks That Could Win Big From the Space Economy', 'History Suggests the Nasdaq Could Soar in 2023: 3 Trillion-Dollar Growth Stocks to Buy If It Does', 'Is Apple Stock A Buy After December-Quarter Earnings Miss?', 'With 54% institutional ownership, Apple Inc. (NASDAQ:AAPL) is a favorite amongst the big guns', 'Apple Supplier Salcomp To Expand Workforce In India, Reduce Dependence On China', 'Apple, Amazon, Walmart: Adani Group Is Trading At Higher Valuations Than These Companies Despite Market Rout', 'UPDATE 2-Apple supplier Salcomp sees India revenue of $2-$3 bln, plans rapid hiring', 'From Apple to VW, CEOs Gradually Returning to China After Its Reopening']"
2023-02-13 10:30:02,152.39639282226562,150.95199584960938,151.02,152.5800018310547,150.9199981689453,124.16999816894533,179.61000061035156,139.3989991760254,147.52704967498778,118.0,169.15,210.0,1.43,-0.059,1.24,1.24,5.98,5.98,2023-02-02 11:00:00-05:00,1.94,1.88,-0.0289,2023-04-26 06:00:00-04:00,1.43,"['Super Bowl LVII: The best and worst commercials', '2 Chip Stocks That Could Win Big From the Space Economy', 'History Suggests the Nasdaq Could Soar in 2023: 3 Trillion-Dollar Growth Stocks to Buy If It Does', 'Is Apple Stock A Buy After December-Quarter Earnings Miss?', 'With 54% institutional ownership, Apple Inc. (NASDAQ:AAPL) is a favorite amongst the big guns', 'Apple Supplier Salcomp To Expand Workforce In India, Reduce Dependence On China', 'Apple, Amazon, Walmart: Adani Group Is Trading At Higher Valuations Than These Companies Despite Market Rout', 'UPDATE 2-Apple supplier Salcomp sees India revenue of $2-$3 bln, plans rapid hiring']"
2023-02-13 11:00:02,152.69000244140625,150.95199584960938,151.02,152.78500366210938,150.9199981689453,124.16999816894533,179.61000061035156,139.3989991760254,147.52704967498778,118.0,169.15,210.0,1.43,-0.059,1.24,1.24,5.98,5.98,2023-02-02 11:00:00-05:00,1.94,1.88,-0.0289,2023-04-26 06:00:00-04:00,1.43,"['Super Bowl LVII: The best and worst commercials', '2 Chip Stocks That Could Win Big From the Space Economy', 'History Suggests the Nasdaq Could Soar in 2023: 3 Trillion-Dollar Growth Stocks to Buy If It Does', 'Is Apple Stock A Buy After December-Quarter Earnings Miss?', 'With 54% institutional ownership, Apple Inc. (NASDAQ:AAPL) is a favorite amongst the big guns', 'Apple Supplier Salcomp To Expand Workforce In India, Reduce Dependence On China', 'Apple, Amazon, Walmart: Adani Group Is Trading At Higher Valuations Than These Companies Despite Market Rout', 'UPDATE 2-Apple supplier Salcomp sees India revenue of $2-$3 bln, plans rapid hiring']"
2023-02-13 11:30:02,153.10000610351562,150.95199584960938,151.02,153.2100067138672,150.9199981689453,124.16999816894533,179.61000061035156,139.3989991760254,147.52704967498778,118.0,169.15,210.0,1.43,-0.059,1.24,1.24,5.98,5.98,2023-02-02 11:00:00-05:00,1.94,1.88,-0.0289,2023-04-26 06:00:00-04:00,1.43,"['Super Bowl LVII: The best and worst commercials', '2 Chip Stocks That Could Win Big From the Space Economy', 'History Suggests the Nasdaq Could Soar in 2023: 3 Trillion-Dollar Growth Stocks to Buy If It Does', 'Is Apple Stock A Buy After December-Quarter Earnings Miss?', 'With 54% institutional ownership, Apple Inc. (NASDAQ:AAPL) is a favorite amongst the big guns', 'Apple Supplier Salcomp To Expand Workforce In India, Reduce Dependence On China', 'Apple, Amazon, Walmart: Adani Group Is Trading At Higher Valuations Than These Companies Despite Market Rout', 'UPDATE 2-Apple supplier Salcomp sees India revenue of $2-$3 bln, plans rapid hiring']"
2023-02-13 11:50:37,153.6605987548828,150.95199584960938,151.02,153.6699981689453,150.9199981689453,124.16999816894533,179.61000061035156,139.3989991760254,147.52704967498778,118.0,169.15,210.0,1.43,-0.059,1.24,1.24,5.98,5.98,2023-02-02 11:00:00-05:00,1.94,1.88,-0.0289,2023-04-26 06:00:00-04:00,1.43,"['Super Bowl LVII: The best and worst commercials', '2 Chip Stocks That Could Win Big From the Space Economy', 'History Suggests the Nasdaq Could Soar in 2023: 3 Trillion-Dollar Growth Stocks to Buy If It Does', 'Is Apple Stock A Buy After December-Quarter Earnings Miss?', 'With 54% institutional ownership, Apple Inc. (NASDAQ:AAPL) is a favorite amongst the big guns', 'Apple Supplier Salcomp To Expand Workforce In India, Reduce Dependence On China', 'Apple, Amazon, Walmart: Adani Group Is Trading At Higher Valuations Than These Companies Despite Market Rout', 'UPDATE 2-Apple supplier Salcomp sees India revenue of $2-$3 bln, plans rapid hiring']"
2023-02-13 12:00:02,153.5,150.95199584960938,151.02,153.69000244140625,150.9199981689453,124.16999816894533,179.61000061035156,139.3989991760254,147.52704967498778,118.0,169.15,210.0,1.43,-0.059,1.24,1.24,5.98,5.98,2023-02-02 11:00:00-05:00,1.94,1.88,-0.0289,2023-04-26 06:00:00-04:00,1.43,"['Super Bowl LVII: The best and worst commercials', '2 Chip Stocks That Could Win Big From the Space Economy', 'History Suggests the Nasdaq Could Soar in 2023: 3 Trillion-Dollar Growth Stocks to Buy If It Does', 'Is Apple Stock A Buy After December-Quarter Earnings Miss?', 'With 54% institutional ownership, Apple Inc. (NASDAQ:AAPL) is a favorite amongst the big guns', 'Apple Supplier Salcomp To Expand Workforce In India, Reduce Dependence On China', 'Apple, Amazon, Walmart: Adani Group Is Trading At Higher Valuations Than These Companies Despite Market Rout', 'UPDATE 2-Apple supplier Salcomp sees India revenue of $2-$3 bln, plans rapid hiring']"
2023-02-13 12:30:02,154.03990173339844,150.95199584960938,151.02,154.25999450683594,150.9199981689453,124.16999816894533,179.61000061035156,139.3989991760254,147.52704967498778,118.0,169.15,210.0,1.43,-0.059,1.24,1.24,5.98,5.98,2023-02-02 11:00:00-05:00,1.94,1.88,-0.0289,2023-04-26 06:00:00-04:00,1.43,"['Super Bowl LVII: The best and worst commercials', '2 Chip Stocks That Could Win Big From the Space Economy', 'History Suggests the Nasdaq Could Soar in 2023: 3 Trillion-Dollar Growth Stocks to Buy If It Does', 'Is Apple Stock A Buy After December-Quarter Earnings Miss?', 'With 54% institutional ownership, Apple Inc. (NASDAQ:AAPL) is a favorite amongst the big guns', 'Apple Supplier Salcomp To Expand Workforce In India, Reduce Dependence On China', 'Apple, Amazon, Walmart: Adani Group Is Trading At Higher Valuations Than These Companies Despite Market Rout', 'UPDATE 2-Apple supplier Salcomp sees India revenue of $2-$3 bln, plans rapid hiring']"
2023-02-13 13:00:02,153.80999755859375,150.95199584960938,151.02,154.25999450683594,150.9199981689453,124.16999816894533,179.61000061035156,139.3989991760254,147.52704967498778,118.0,169.15,210.0,1.43,-0.059,1.24,1.24,5.98,5.98,2023-02-02 11:00:00-05:00,1.94,1.88,-0.0289,2023-04-26 06:00:00-04:00,1.43,"['The minimalist designer famous for creating Apple’s iPhone has drawn King Charles’ coronation emblem', 'Super Bowl LVII: The best and worst commercials', '2 Chip Stocks That Could Win Big From the Space Economy', 'History Suggests the Nasdaq Could Soar in 2023: 3 Trillion-Dollar Growth Stocks to Buy If It Does', 'Is Apple Stock A Buy After December-Quarter Earnings Miss?', 'With 54% institutional ownership, Apple Inc. (NASDAQ:AAPL) is a favorite amongst the big guns', 'Apple Supplier Salcomp To Expand Workforce In India, Reduce Dependence On China', 'Apple, Amazon, Walmart: Adani Group Is Trading At Higher Valuations Than These Companies Despite Market Rout']"
2023-02-13 13:30:02,154.03819274902344,150.95199584960938,151.02,154.25999450683594,150.9199981689453,124.16999816894533,179.61000061035156,139.3989991760254,147.52704967498778,118.0,169.15,210.0,1.43,-0.059,1.24,1.24,5.98,5.98,2023-02-02 11:00:00-05:00,1.94,1.88,-0.0289,2023-04-26 06:00:00-04:00,1.43,"['The minimalist designer famous for creating Apple’s iPhone has drawn King Charles’ coronation emblem', 'Super Bowl LVII: The best and worst commercials', '2 Chip Stocks That Could Win Big From the Space Economy', 'History Suggests the Nasdaq Could Soar in 2023: 3 Trillion-Dollar Growth Stocks to Buy If It Does', 'Is Apple Stock A Buy After December-Quarter Earnings Miss?', 'With 54% institutional ownership, Apple Inc. (NASDAQ:AAPL) is a favorite amongst the big guns', 'Apple Supplier Salcomp To Expand Workforce In India, Reduce Dependence On China', 'Apple, Amazon, Walmart: Adani Group Is Trading At Higher Valuations Than These Companies Despite Market Rout']"
2023-02-13 14:00:02,153.9499969482422,150.95199584960938,151.02,154.25999450683594,150.9199981689453,124.16999816894533,179.61000061035156,139.3989991760254,147.52704967498778,118.0,169.15,210.0,1.43,-0.059,1.24,1.24,5.98,5.98,2023-02-02 11:00:00-05:00,1.94,1.88,-0.0289,2023-04-26 06:00:00-04:00,1.43,"['The minimalist designer famous for creating Apple’s iPhone has drawn King Charles’s coronation emblem', 'Super Bowl LVII: The best and worst commercials', '2 Chip Stocks That Could Win Big From the Space Economy', 'History Suggests the Nasdaq Could Soar in 2023: 3 Trillion-Dollar Growth Stocks to Buy If It Does', 'Is Apple Stock A Buy After December-Quarter Earnings Miss?', 'With 54% institutional ownership, Apple Inc. (NASDAQ:AAPL) is a favorite amongst the big guns', 'Apple Supplier Salcomp To Expand Workforce In India, Reduce Dependence On China', 'Apple, Amazon, Walmart: Adani Group Is Trading At Higher Valuations Than These Companies Despite Market Rout']"
2023-02-13 14:30:02,153.3101043701172,150.95199584960938,151.02,154.25999450683594,150.9199981689453,124.16999816894533,179.61000061035156,139.3989991760254,147.52704967498778,118.0,169.15,210.0,1.43,-0.059,1.24,1.24,5.98,5.98,2023-02-02 11:00:00-05:00,1.94,1.88,-0.0289,2023-04-26 06:00:00-04:00,1.43,"['Why it may be time to sell the pop in tech stocks: BlackRock', 'Apple is trying to avoid a possible EU fine of $39 billion', 'The minimalist designer famous for creating Apple’s iPhone has drawn King Charles’s coronation emblem', 'Super Bowl LVII: The best and worst commercials', '2 Chip Stocks That Could Win Big From the Space Economy', 'History Suggests the Nasdaq Could Soar in 2023: 3 Trillion-Dollar Growth Stocks to Buy If It Does', 'Is Apple Stock A Buy After December-Quarter Earnings Miss?', 'With 54% institutional ownership, Apple Inc. (NASDAQ:AAPL) is a favorite amongst the big guns']"
2023-02-13 15:00:02,152.94000244140625,150.95199584960938,151.02,154.25999450683594,150.9199981689453,124.16999816894533,179.61000061035156,139.3989991760254,147.52704967498778,118.0,169.15,210.0,1.43,-0.059,1.24,1.24,5.98,5.98,2023-02-02 11:00:00-05:00,1.94,1.88,-0.0289,2023-04-26 06:00:00-04:00,1.43,"['Why it may be time to sell the pop in tech stocks: BlackRock', 'Apple is trying to avoid a possible EU fine of $39 billion', 'The minimalist designer famous for creating Apple’s iPhone has drawn King Charles’s coronation emblem', 'Super Bowl LVII: The best and worst commercials', '2 Chip Stocks That Could Win Big From the Space Economy', 'History Suggests the Nasdaq Could Soar in 2023: 3 Trillion-Dollar Growth Stocks to Buy If It Does', 'Is Apple Stock A Buy After December-Quarter Earnings Miss?', 'With 54% institutional ownership, Apple Inc. (NASDAQ:AAPL) is a favorite amongst the big guns']"
2023-02-13 15:30:01,153.67999267578125,150.95199584960938,151.02,154.25999450683594,150.9199981689453,124.16999816894533,179.61000061035156,139.3989991760254,147.52704967498778,118.0,169.15,210.0,1.43,-0.059,1.24,1.24,5.98,5.98,2023-02-02 11:00:00-05:00,1.94,1.88,-0.0289,2023-04-26 06:00:00-04:00,1.43,"['Why it may be time to sell the pop in tech stocks: BlackRock', 'Apple is trying to avoid a possible EU fine of $39 billion', 'The minimalist designer famous for creating Apple’s iPhone has drawn King Charles’s coronation emblem', 'Super Bowl LVII: The best and worst commercials', '2 Chip Stocks That Could Win Big From the Space Economy', 'History Suggests the Nasdaq Could Soar in 2023: 3 Trillion-Dollar Growth Stocks to Buy If It Does', 'Is Apple Stock A Buy After December-Quarter Earnings Miss?', 'With 54% institutional ownership, Apple Inc. (NASDAQ:AAPL) is a favorite amongst the big guns']"
2023-02-13 16:00:01,153.85000610351562,150.95199584960938,151.02,154.25999450683594,150.9199981689453,124.16999816894533,179.61000061035156,139.3989991760254,147.52704967498778,118.0,169.15,210.0,1.43,-0.059,1.24,1.24,5.98,5.98,2023-02-02 11:00:00-05:00,1.94,1.88,-0.0289,2023-04-26 06:00:00-04:00,1.43,"['Why it may be time to sell the pop in tech stocks: BlackRock', 'Apple is trying to avoid a possible EU fine of $39 billion', 'The minimalist designer famous for creating Apple’s iPhone has drawn King Charles’s coronation emblem', 'Super Bowl LVII: The best and worst commercials', '2 Chip Stocks That Could Win Big From the Space Economy', 'History Suggests the Nasdaq Could Soar in 2023: 3 Trillion-Dollar Growth Stocks to Buy If It Does', 'Is Apple Stock A Buy After December-Quarter Earnings Miss?', 'With 54% institutional ownership, Apple Inc. (NASDAQ:AAPL) is a favorite amongst the big guns']"
2023-02-14 09:00:02,153.85000610351562,150.9499969482422,151.02,154.25999450683594,150.9199981689453,124.16999816894533,179.61000061035156,139.51539932250978,147.51344966888428,118.0,169.15,210.0,1.43,-0.059,1.24,1.24,5.97,5.97,2023-02-02 11:00:00-05:00,1.94,1.88,-0.0289,2023-04-26 06:00:00-04:00,1.43,"[""7 Stocks Generate An Astounding 25% Of The S&P 500's Profit"", 'Investors Pour Into Chinese Stock Funds in Reopening Bet', 'Apple faces obstacles in move to boost India manufacturing - FT', 'Why Ukraine needs more ammunition, and fast', 'Apple’s manufacturing shift to India hits stumbling blocks', 'Why Apple Stock Inched Up by Nearly 2% Today', '1 Billion Reasons to Love Apple Stock', 'Why it may be time to sell the pop in tech stocks: BlackRock']"
2023-02-14 09:30:01,151.49000549316406,150.95199584960938,153.71,152.1199951171875,151.31500244140625,124.16999816894533,179.61000061035156,139.51539932250978,147.51344966888428,118.0,169.15,210.0,1.43,-0.059,1.24,1.24,5.97,5.97,2023-02-02 11:00:00-05:00,1.94,1.88,-0.0289,2023-04-26 06:00:00-04:00,1.43,"['This Semiconductor Stock Has Too Much Dependency on Apple -- Is It Time to Sell?', ""7 Stocks Generate An Astounding 25% Of The S&P 500's Profit"", 'Investors Pour Into Chinese Stock Funds in Reopening Bet', 'Apple faces obstacles in move to boost India manufacturing - FT', 'Why Ukraine needs more ammunition, and fast', 'Apple’s manufacturing shift to India hits stumbling blocks', 'Why Apple Stock Inched Up by Nearly 2% Today', '1 Billion Reasons to Love Apple Stock']"
2023-02-14 10:00:01,152.99000549316406,152.1199951171875,153.71,153.02999877929688,151.0,124.16999816894533,179.61000061035156,139.51539932250978,147.51344966888428,118.0,169.15,210.0,1.43,-0.059,1.24,1.24,5.97,5.97,2023-02-02 11:00:00-05:00,1.94,1.88,-0.0289,2023-04-26 06:00:00-04:00,1.43,"['This Semiconductor Stock Has Too Much Dependency on Apple -- Is It Time to Sell?', ""7 Stocks Generate An Astounding 25% Of The S&P 500's Profit"", ""Apple's Indian Expansion Hit By Infrastructure and Logistics Woes, Still Experts See Exports Crossing $1T By 2028"", 'Investors Pour Into Chinese Stock Funds in Reopening Bet', 'Apple faces obstacles in move to boost India manufacturing - FT', 'Why Ukraine needs more ammunition, and fast', 'Apple’s manufacturing shift to India hits stumbling blocks', 'Why Apple Stock Inched Up by Nearly 2% Today']"
2023-02-14 10:30:01,152.9600067138672,152.1199951171875,153.71,153.77000427246094,151.0,124.16999816894533,179.61000061035156,139.51539932250978,147.51344966888428,118.0,169.15,210.0,1.43,-0.059,1.24,1.24,5.97,5.97,2023-02-02 11:00:00-05:00,1.94,1.88,-0.0289,2023-04-26 06:00:00-04:00,1.43,"['Why Apple, LVMH, and PepsiCo Are No-Brainer Buys Right Now', '2 Top Growth Stocks to Buy Hand Over Fist Before the Next Bull Market', 'This Semiconductor Stock Has Too Much Dependency on Apple -- Is It Time to Sell?', ""7 Stocks Generate An Astounding 25% Of The S&P 500's Profit"", ""Apple's Indian Expansion Hit By Infrastructure and Logistics Woes, Still Experts See Exports Crossing $1T By 2028"", 'Investors Pour Into Chinese Stock Funds in Reopening Bet', 'Apple faces obstacles in move to boost India manufacturing - FT', 'Why Ukraine needs more ammunition, and fast']"
2023-02-14 11:00:02,152.22000122070312,152.1199951171875,153.71,153.77000427246094,150.8699951171875,124.16999816894533,179.61000061035156,139.51539932250978,147.51344966888428,118.0,169.15,210.0,1.43,-0.059,1.24,1.24,5.97,5.97,2023-02-02 11:00:00-05:00,1.94,1.88,-0.0289,2023-04-26 06:00:00-04:00,1.43,"['Why Apple, LVMH, and PepsiCo Are No-Brainer Buys Right Now', '2 Top Growth Stocks to Buy Hand Over Fist Before the Next Bull Market', 'This Semiconductor Stock Has Too Much Dependency on Apple -- Is It Time to Sell?', ""7 Stocks Generate An Astounding 25% Of The S&P 500's Profit"", ""Apple's Indian Expansion Hit By Infrastructure and Logistics Woes, Still Experts See Exports Crossing $1T By 2028"", 'Investors Pour Into Chinese Stock Funds in Reopening Bet', 'Apple faces obstacles in move to boost India manufacturing - FT', 'Why Ukraine needs more ammunition, and fast']"
2023-02-14 11:30:01,151.42999267578125,152.1199951171875,153.71,153.77000427246094,150.8699951171875,124.16999816894533,179.61000061035156,139.51539932250978,147.51344966888428,118.0,169.15,210.0,1.43,-0.059,1.24,1.24,5.97,5.97,2023-02-02 11:00:00-05:00,1.94,1.88,-0.0289,2023-04-26 06:00:00-04:00,1.43,"['Why Apple, Corsair Gaming, and Alphabet Are No-Brainer Buys Right Now', '1 Stock to Buy Now Even Though Smartphone Sales Are Getting Hammered', 'Why Apple, LVMH, and PepsiCo Are No-Brainer Buys Right Now', '2 Top Growth Stocks to Buy Hand Over Fist Before the Next Bull Market', 'This Semiconductor Stock Has Too Much Dependency on Apple -- Is It Time to Sell?', ""7 Stocks Generate An Astounding 25% Of The S&P 500's Profit"", ""Apple's Indian Expansion Hit By Infrastructure and Logistics Woes, Still Experts See Exports Crossing $1T By 2028"", 'Investors Pour Into Chinese Stock Funds in Reopening Bet']"
2023-02-14 12:00:02,151.6300048828125,152.1199951171875,153.71,153.77000427246094,150.8699951171875,124.16999816894533,179.61000061035156,139.51539932250978,147.51344966888428,118.0,169.15,210.0,1.43,-0.059,1.24,1.24,5.97,5.97,2023-02-02 11:00:00-05:00,1.94,1.88,-0.0289,2023-04-26 06:00:00-04:00,1.43,"['Why Apple, Corsair Gaming, and Alphabet Are No-Brainer Buys Right Now', '1 Stock to Buy Now Even Though Smartphone Sales Are Getting Hammered', 'Why Apple, LVMH, and PepsiCo Are No-Brainer Buys Right Now', '2 Top Growth Stocks to Buy Hand Over Fist Before the Next Bull Market', 'This Semiconductor Stock Has Too Much Dependency on Apple -- Is It Time to Sell?', ""7 Stocks Generate An Astounding 25% Of The S&P 500's Profit"", ""Apple's Indian Expansion Hit By Infrastructure and Logistics Woes, Still Experts See Exports Crossing $1T By 2028"", 'Investors Pour Into Chinese Stock Funds in Reopening Bet']"
2023-02-14 12:30:01,151.99000549316406,152.1199951171875,153.71,153.77000427246094,150.8699951171875,124.16999816894533,179.61000061035156,139.51539932250978,147.51344966888428,118.0,169.15,210.0,1.43,-0.059,1.24,1.24,5.97,5.97,2023-02-02 11:00:00-05:00,1.94,1.88,-0.0289,2023-04-26 06:00:00-04:00,1.43,"['Why Apple, Corsair Gaming, and Alphabet Are No-Brainer Buys Right Now', '1 Stock to Buy Now Even Though Smartphone Sales Are Getting Hammered', 'Why Apple, LVMH, and PepsiCo Are No-Brainer Buys Right Now', '2 Top Growth Stocks to Buy Hand Over Fist Before the Next Bull Market', 'This Semiconductor Stock Has Too Much Dependency on Apple -- Is It Time to Sell?', ""7 Stocks Generate An Astounding 25% Of The S&P 500's Profit"", ""Apple's Indian Expansion Hit By Infrastructure and Logistics Woes, Still Experts See Exports Crossing $1T By 2028"", 'Investors Pour Into Chinese Stock Funds in Reopening Bet']"
2023-02-14 13:00:02,152.33299255371094,152.1199951171875,153.71,153.77000427246094,150.8699951171875,124.16999816894533,179.61000061035156,139.51539932250978,147.51344966888428,118.0,169.15,210.0,1.43,-0.059,1.24,1.24,5.97,5.97,2023-02-02 11:00:00-05:00,1.94,1.88,-0.0289,2023-04-26 06:00:00-04:00,1.43,"['Why Apple, Corsair Gaming, and Alphabet Are No-Brainer Buys Right Now', '1 Stock to Buy Now Even Though Smartphone Sales Are Getting Hammered', 'Why Apple, LVMH, and PepsiCo Are No-Brainer Buys Right Now', '2 Top Growth Stocks to Buy Hand Over Fist Before the Next Bull Market', 'This Semiconductor Stock Has Too Much Dependency on Apple -- Is It Time to Sell?', ""7 Stocks Generate An Astounding 25% Of The S&P 500's Profit"", ""Apple's Indian Expansion Hit By Infrastructure and Logistics Woes, Still Experts See Exports Crossing $1T By 2028"", 'Investors Pour Into Chinese Stock Funds in Reopening Bet']"
2023-02-14 13:30:02,152.82000732421875,152.1199951171875,153.71,153.77000427246094,150.8699951171875,124.16999816894533,179.61000061035156,139.51539932250978,147.51344966888428,118.0,169.15,210.0,1.43,-0.059,1.24,1.24,5.97,5.97,2023-02-02 11:00:00-05:00,1.94,1.88,-0.0289,2023-04-26 06:00:00-04:00,1.43,"['Why Apple, Corsair Gaming, and Alphabet Are No-Brainer Buys Right Now', '1 Stock to Buy Now Even Though Smartphone Sales Are Getting Hammered', 'Why Apple, LVMH, and PepsiCo Are No-Brainer Buys Right Now', '2 Top Growth Stocks to Buy Hand Over Fist Before the Next Bull Market', 'This Semiconductor Stock Has Too Much Dependency on Apple -- Is It Time to Sell?', ""7 Stocks Generate An Astounding 25% Of The S&P 500's Profit"", ""Apple's Indian Expansion Hit By Infrastructure and Logistics Woes, Still Experts See Exports Crossing $1T By 2028"", 'Investors Pour Into Chinese Stock Funds in Reopening Bet']"
2023-02-14 14:00:02,152.92999267578125,152.1199951171875,153.71,153.77000427246094,150.8699951171875,124.16999816894533,179.61000061035156,139.51539932250978,147.51344966888428,118.0,169.15,210.0,1.43,-0.059,1.24,1.24,5.97,5.97,2023-02-02 11:00:00-05:00,1.94,1.88,-0.0289,2023-04-26 06:00:00-04:00,1.43,"['Why Apple, Corsair Gaming, and Alphabet Are No-Brainer Buys Right Now', '1 Stock to Buy Now Even Though Smartphone Sales Are Getting Hammered', 'Why Apple, LVMH, and PepsiCo Are No-Brainer Buys Right Now', '2 Top Growth Stocks to Buy Hand Over Fist Before the Next Bull Market', 'This Semiconductor Stock Has Too Much Dependency on Apple -- Is It Time to Sell?', ""7 Stocks Generate An Astounding 25% Of The S&P 500's Profit"", ""Apple's Indian Expansion Hit By Infrastructure and Logistics Woes, Still Experts See Exports Crossing $1T By 2028"", 'Investors Pour Into Chinese Stock Funds in Reopening Bet']"
2023-02-14 14:30:01,153.22000122070312,152.1199951171875,153.71,153.77000427246094,150.8699951171875,124.16999816894533,179.61000061035156,139.51539932250978,147.51344966888428,118.0,169.15,210.0,1.43,-0.059,1.24,1.24,5.97,5.97,2023-02-02 11:00:00-05:00,1.94,1.88,-0.0289,2023-04-26 06:00:00-04:00,1.43,"['Berkshire Hathaway boosted its Apple stake last quarter', 'Why Apple, Corsair Gaming, and Alphabet Are No-Brainer Buys Right Now', '1 Stock to Buy Now Even Though Smartphone Sales Are Getting Hammered', 'Why Apple, LVMH, and PepsiCo Are No-Brainer Buys Right Now', '2 Top Growth Stocks to Buy Hand Over Fist Before the Next Bull Market', 'This Semiconductor Stock Has Too Much Dependency on Apple -- Is It Time to Sell?', ""7 Stocks Generate An Astounding 25% Of The S&P 500's Profit"", ""Apple's Indian Expansion Hit By Infrastructure and Logistics Woes, Still Experts See Exports Crossing $1T By 2028""]"
2023-02-14 15:00:02,153.27000427246094,152.1199951171875,153.71,153.77000427246094,150.8699951171875,124.16999816894533,179.61000061035156,139.51539932250978,147.51344966888428,118.0,169.15,210.0,1.43,-0.059,1.24,1.24,5.97,5.97,2023-02-02 11:00:00-05:00,1.94,1.88,-0.0289,2023-04-26 06:00:00-04:00,1.43,"['Berkshire Hathaway boosted its Apple stake last quarter', 'Why Apple, Corsair Gaming, and Alphabet Are No-Brainer Buys Right Now', '1 Stock to Buy Now Even Though Smartphone Sales Are Getting Hammered', 'Why Apple, LVMH, and PepsiCo Are No-Brainer Buys Right Now', '2 Top Growth Stocks to Buy Hand Over Fist Before the Next Bull Market', 'This Semiconductor Stock Has Too Much Dependency on Apple -- Is It Time to Sell?', ""7 Stocks Generate An Astounding 25% Of The S&P 500's Profit"", ""Apple's Indian Expansion Hit By Infrastructure and Logistics Woes, Still Experts See Exports Crossing $1T By 2028""]"
2023-02-14 15:30:01,153.25999450683594,152.1199951171875,153.71,153.77000427246094,150.8699951171875,124.16999816894533,179.61000061035156,139.51539932250978,147.51344966888428,118.0,169.15,210.0,1.43,-0.059,1.24,1.24,5.97,5.97,2023-02-02 11:00:00-05:00,1.94,1.88,-0.0289,2023-04-26 06:00:00-04:00,1.43,"['Berkshire Hathaway boosted its Apple stake last quarter', 'Why Apple, Corsair Gaming, and Alphabet Are No-Brainer Buys Right Now', '1 Stock to Buy Now Even Though Smartphone Sales Are Getting Hammered', 'Why Apple, LVMH, and PepsiCo Are No-Brainer Buys Right Now', '2 Top Growth Stocks to Buy Hand Over Fist Before the Next Bull Market', 'This Semiconductor Stock Has Too Much Dependency on Apple -- Is It Time to Sell?', ""7 Stocks Generate An Astounding 25% Of The S&P 500's Profit"", ""Apple's Indian Expansion Hit By Infrastructure and Logistics Woes, Still Experts See Exports Crossing $1T By 2028""]"
2023-02-14 16:00:02,153.1999969482422,152.1199951171875,153.71,153.77000427246094,150.8699951171875,124.16999816894533,179.61000061035156,139.51539932250978,147.51344966888428,118.0,169.15,210.0,1.43,-0.059,1.24,1.24,5.97,5.97,2023-02-02 11:00:00-05:00,1.94,1.88,-0.0289,2023-04-26 06:00:00-04:00,1.43,"['Buy Apple Stock, Analyst Says. U.S. Hardware Demand Held Up Better Than Usual Last Month.', 'Berkshire Hathaway boosted its Apple stake last quarter', 'Why Apple, Corsair Gaming, and Alphabet Are No-Brainer Buys Right Now', '1 Stock to Buy Now Even Though Smartphone Sales Are Getting Hammered', 'Why Apple, LVMH, and PepsiCo Are No-Brainer Buys Right Now', '2 Top Growth Stocks to Buy Hand Over Fist Before the Next Bull Market', 'This Semiconductor Stock Has Too Much Dependency on Apple -- Is It Time to Sell?', ""7 Stocks Generate An Astounding 25% Of The S&P 500's Profit""]"
2023-02-14 16:30:02,153.1999969482422,152.1199951171875,153.71,153.77000427246094,150.8699951171875,124.16999816894533,179.61000061035156,139.51539932250978,147.51344966888428,118.0,169.15,210.0,1.43,-0.059,1.24,1.24,5.97,5.97,2023-02-02 11:00:00-05:00,1.94,1.88,-0.0289,2023-04-26 06:00:00-04:00,1.43,"['Apple TV releases new ‘Ted Lasso’ trailer, 119 million viewers tuned into Super Bowl Halftime Show', 'Buy Apple Stock, Analyst Says. U.S. Hardware Demand Held Up Better Than Usual Last Month.', 'Berkshire Hathaway boosted its Apple stake last quarter', 'Why Apple, Corsair Gaming, and Alphabet Are No-Brainer Buys Right Now', '1 Stock to Buy Now Even Though Smartphone Sales Are Getting Hammered', 'Why Apple, LVMH, and PepsiCo Are No-Brainer Buys Right Now', '2 Top Growth Stocks to Buy Hand Over Fist Before the Next Bull Market', 'This Semiconductor Stock Has Too Much Dependency on Apple -- Is It Time to Sell?']"
2023-02-14 17:00:02,153.1999969482422,152.1199951171875,153.71,153.77000427246094,150.8699951171875,124.16999816894533,179.61000061035156,139.51539932250978,147.51344966888428,118.0,169.15,210.0,1.43,-0.059,1.24,1.24,5.97,5.97,2023-02-02 11:00:00-05:00,1.94,1.88,-0.0289,2023-04-26 06:00:00-04:00,1.43,"['Apple TV releases new ‘Ted Lasso’ trailer, 119 million viewers tuned into Super Bowl Halftime Show', 'Buy Apple Stock, Analyst Says. U.S. Hardware Demand Held Up Better Than Usual Last Month.', 'Berkshire Hathaway boosted its Apple stake last quarter', 'Why Apple, Corsair Gaming, and Alphabet Are No-Brainer Buys Right Now', '1 Stock to Buy Now Even Though Smartphone Sales Are Getting Hammered', 'Why Apple, LVMH, and PepsiCo Are No-Brainer Buys Right Now', '2 Top Growth Stocks to Buy Hand Over Fist Before the Next Bull Market', 'This Semiconductor Stock Has Too Much Dependency on Apple -- Is It Time to Sell?']"
2023-02-14 17:30:01,153.1999969482422,152.1199951171875,153.71,153.77000427246094,150.8699951171875,124.16999816894533,179.61000061035156,139.51539932250978,147.51344966888428,118.0,169.15,210.0,1.43,-0.059,1.24,1.24,5.97,5.97,2023-02-02 11:00:00-05:00,1.94,1.88,-0.0289,2023-04-26 06:00:00-04:00,1.43,"['Berkshire Cuts Stakes in Bank of New York, Activision', ""Apple's long-rumored folding iPhone could become a reality"", 'Berkshire Beefs Up Stakes in Apple, Paramount, Louisiana-Pacific', 'Apple TV releases new ‘Ted Lasso’ trailer, 119 million viewers tuned into Super Bowl Halftime Show', 'Buy Apple Stock, Analyst Says. U.S. Hardware Demand Held Up Better Than Usual Last Month.', 'Berkshire Hathaway boosted its Apple stake last quarter', 'Why Apple, Corsair Gaming, and Alphabet Are No-Brainer Buys Right Now', '1 Stock to Buy Now Even Though Smartphone Sales Are Getting Hammered']"
2023-02-15 09:30:02,153.10000610351562,152.1199951171875,153.09,153.44000244140625,152.8800048828125,124.16999816894533,179.61000061035156,139.61319931030275,147.46124965667724,118.0,169.39,210.0,1.43,-0.059,1.24,1.24,5.97,5.97,2023-02-02 11:00:00-05:00,1.94,1.88,-0.0289,2023-04-26 06:00:00-04:00,1.43,"['This Non-FAANG Big Tech Stock Is a Buy for 2023 and Beyond', 'Berkshire Hathaway Didn’t Buy More Occidental Petroleum Stock—and More Filing Confusion', ""Warren Buffett Stocks: What's Inside Berkshire Hathaway's Portfolio?"", ""Can Shiba Inu Reach $1? Here's Why 589.6 Trillion Is the Key Number"", 'Apple Stock: Headed to $177?', ""Warren Buffett Just Bought 4 Stocks. Here's the Best of the Bunch."", ""Fedspeak, U.S. retail sales, U.K. inflation, Apple stake - what's moving markets"", 'Europe’s Big Tech trust buster']"
2023-02-15 10:00:02,153.89999389648438,153.11000061035156,153.09,154.52000427246094,152.8800048828125,124.16999816894533,179.61000061035156,139.61319931030275,147.46124965667724,118.0,169.39,210.0,1.43,-0.059,1.24,1.24,5.97,5.97,2023-02-02 11:00:00-05:00,1.94,1.88,-0.0289,2023-04-26 06:00:00-04:00,1.43,"['This Non-FAANG Big Tech Stock Is a Buy for 2023 and Beyond', 'Berkshire Hathaway Didn’t Buy More Occidental Petroleum Stock—and More Filing Confusion', ""Warren Buffett Stocks: What's Inside Berkshire Hathaway's Portfolio?"", ""Can Shiba Inu Reach $1? Here's Why 589.6 Trillion Is the Key Number"", 'Apple Stock: Headed to $177?', ""Warren Buffett Just Bought 4 Stocks. Here's the Best of the Bunch."", ""Fedspeak, U.S. retail sales, U.K. inflation, Apple stake - what's moving markets"", 'Europe’s Big Tech trust buster']"
2023-02-15 10:30:02,153.80999755859375,153.11000061035156,153.09,154.52000427246094,152.8800048828125,124.16999816894533,179.61000061035156,139.61319931030275,147.46124965667724,118.0,169.39,210.0,1.43,-0.059,1.24,1.24,5.97,5.97,2023-02-02 11:00:00-05:00,1.94,1.88,-0.0289,2023-04-26 06:00:00-04:00,1.43,"['This Non-FAANG Big Tech Stock Is a Buy for 2023 and Beyond', 'Berkshire Hathaway Didn’t Buy More Occidental Petroleum Stock—and More Filing Confusion', ""Warren Buffett Stocks: What's Inside Berkshire Hathaway's Portfolio?"", ""Can Shiba Inu Reach $1? Here's Why 589.6 Trillion Is the Key Number"", 'Apple Stock: Headed to $177?', ""Warren Buffett Just Bought 4 Stocks. Here's the Best of the Bunch."", ""Fedspeak, U.S. retail sales, U.K. inflation, Apple stake - what's moving markets"", 'Europe’s Big Tech trust buster']"
2023-02-15 11:00:02,153.99000549316406,153.11000061035156,153.09,154.52000427246094,152.8800048828125,124.16999816894533,179.61000061035156,139.61319931030275,147.46124965667724,118.0,169.39,210.0,1.43,-0.059,1.24,1.24,5.97,5.97,2023-02-02 11:00:00-05:00,1.94,1.88,-0.0289,2023-04-26 06:00:00-04:00,1.43,"[""13F: 3 of Buffett's Latest Moves"", 'This Non-FAANG Big Tech Stock Is a Buy for 2023 and Beyond', 'Berkshire Hathaway Didn’t Buy More Occidental Petroleum Stock—and More Filing Confusion', ""Warren Buffett Stocks: What's Inside Berkshire Hathaway's Portfolio?"", ""Can Shiba Inu Reach $1? Here's Why 589.6 Trillion Is the Key Number"", 'Apple Stock: Headed to $177?', ""Warren Buffett Just Bought 4 Stocks. Here's the Best of the Bunch."", ""Fedspeak, U.S. retail sales, U.K. inflation, Apple stake - what's moving markets""]"
2023-02-15 11:30:02,154.65870666503906,153.11000061035156,153.09,154.72000122070312,152.8800048828125,124.16999816894533,179.61000061035156,139.61319931030275,147.46124965667724,118.0,169.39,210.0,1.43,-0.059,1.24,1.24,5.97,5.97,2023-02-02 11:00:00-05:00,1.94,1.88,-0.0289,2023-04-26 06:00:00-04:00,1.43,"['Warren Buffett’s Berkshire slashes TSMC holding, continues to build Apple stake', ""13F: 3 of Buffett's Latest Moves"", 'This Non-FAANG Big Tech Stock Is a Buy for 2023 and Beyond', 'Berkshire Hathaway Didn’t Buy More Occidental Petroleum Stock—and More Filing Confusion', ""Warren Buffett Stocks: What's Inside Berkshire Hathaway's Portfolio?"", ""Can Shiba Inu Reach $1? Here's Why 589.6 Trillion Is the Key Number"", 'Apple Stock: Headed to $177?', ""Warren Buffett Just Bought 4 Stocks. Here's the Best of the Bunch.""]"
2023-02-15 12:00:01,155.2550048828125,153.11000061035156,153.09,155.5,152.8800048828125,124.16999816894533,179.61000061035156,139.61319931030275,147.46124965667724,118.0,169.39,210.0,1.43,-0.059,1.24,1.24,5.97,5.97,2023-02-02 11:00:00-05:00,1.94,1.88,-0.0289,2023-04-26 06:00:00-04:00,1.43,"['Warren Buffett’s Berkshire slashes TSMC holding, continues to build Apple stake', ""13F: 3 of Buffett's Latest Moves"", 'This Non-FAANG Big Tech Stock Is a Buy for 2023 and Beyond', 'Berkshire Hathaway Didn’t Buy More Occidental Petroleum Stock—and More Filing Confusion', ""Warren Buffett Stocks: What's Inside Berkshire Hathaway's Portfolio?"", ""Can Shiba Inu Reach $1? Here's Why 589.6 Trillion Is the Key Number"", 'Apple Stock: Headed to $177?', ""Warren Buffett Just Bought 4 Stocks. Here's the Best of the Bunch.""]"
2023-02-15 12:30:02,154.67999267578125,153.11000061035156,153.09,155.5,152.8800048828125,124.16999816894533,179.61000061035156,139.61319931030275,147.46124965667724,118.0,169.39,210.0,1.43,-0.059,1.24,1.24,5.97,5.97,2023-02-02 11:00:00-05:00,1.94,1.88,-0.0289,2023-04-26 06:00:00-04:00,1.43,"['Warren Buffett’s Berkshire slashes TSMC holding, continues to build Apple stake', ""13F: 3 of Buffett's Latest Moves"", 'This Non-FAANG Big Tech Stock Is a Buy for 2023 and Beyond', 'Berkshire Hathaway Didn’t Buy More Occidental Petroleum Stock—and More Filing Confusion', ""Warren Buffett Stocks: What's Inside Berkshire Hathaway's Portfolio?"", ""Can Shiba Inu Reach $1? Here's Why 589.6 Trillion Is the Key Number"", 'Apple Stock: Headed to $177?', ""Warren Buffett Just Bought 4 Stocks. Here's the Best of the Bunch.""]"
2023-02-15 13:00:01,154.1300048828125,153.11000061035156,153.09,155.5,152.8800048828125,124.16999816894533,179.61000061035156,139.61319931030275,147.46124965667724,118.0,169.39,210.0,1.43,-0.059,1.24,1.24,5.97,5.97,2023-02-02 11:00:00-05:00,1.94,1.88,-0.0289,2023-04-26 06:00:00-04:00,1.43,"['Justice Department edges closer to antitrust action vs. Apple: report', 'U.S. Escalates Apple Probe, Looks to Involve Antitrust Chief', 'Warren Buffett’s Berkshire slashes TSMC holding, continues to build Apple stake', ""13F: 3 of Buffett's Latest Moves"", 'This Non-FAANG Big Tech Stock Is a Buy for 2023 and Beyond', 'Berkshire Hathaway Didn’t Buy More Occidental Petroleum Stock—and More Filing Confusion', ""Warren Buffett Stocks: What's Inside Berkshire Hathaway's Portfolio?"", ""Can Shiba Inu Reach $1? Here's Why 589.6 Trillion Is the Key Number""]"
2023-02-15 13:30:01,154.38999938964844,153.11000061035156,153.09,155.5,152.8800048828125,124.16999816894533,179.61000061035156,139.61319931030275,147.46124965667724,118.0,169.39,210.0,1.43,-0.059,1.24,1.24,5.97,5.97,2023-02-02 11:00:00-05:00,1.94,1.88,-0.0289,2023-04-26 06:00:00-04:00,1.43,"['U.S. Justice Department escalates Apple probe - WSJ', 'UPDATE 1-U.S. Justice Department escalates Apple probe - WSJ', 'Justice Department edges closer to antitrust action vs. Apple: report', 'U.S. Escalates Apple Probe, Looks to Involve Antitrust Chief', 'Warren Buffett’s Berkshire slashes TSMC holding, continues to build Apple stake', ""13F: 3 of Buffett's Latest Moves"", 'This Non-FAANG Big Tech Stock Is a Buy for 2023 and Beyond', 'Berkshire Hathaway Didn’t Buy More Occidental Petroleum Stock—and More Filing Confusion']"
2023-02-15 14:00:02,154.9600067138672,153.11000061035156,153.09,155.5,152.8800048828125,124.16999816894533,179.61000061035156,139.61319931030275,147.46124965667724,118.0,169.39,210.0,1.43,-0.059,1.24,1.24,5.97,5.97,2023-02-02 11:00:00-05:00,1.94,1.88,-0.0289,2023-04-26 06:00:00-04:00,1.43,"['House Panel Issues Subpoenas to Tech CEOs for Information on Content Moderation', 'U.S. Justice Department escalates Apple probe - WSJ', 'UPDATE 1-U.S. Justice Department escalates Apple probe - WSJ', 'Justice Department edges closer to antitrust action vs. Apple: report', 'U.S. Escalates Apple Probe, Looks to Involve Antitrust Chief', 'Warren Buffett’s Berkshire slashes TSMC holding, continues to build Apple stake', ""13F: 3 of Buffett's Latest Moves"", 'This Non-FAANG Big Tech Stock Is a Buy for 2023 and Beyond']"
2023-02-15 14:30:01,155.32000732421875,153.11000061035156,153.09,155.5,152.8800048828125,124.16999816894533,179.61000061035156,139.61319931030275,147.46124965667724,118.0,169.39,210.0,1.43,-0.059,1.24,1.24,5.97,5.97,2023-02-02 11:00:00-05:00,1.94,1.88,-0.0289,2023-04-26 06:00:00-04:00,1.43,"['House Panel Issues Subpoenas to Tech CEOs for Information on Content Moderation', 'U.S. Justice Department escalates Apple probe - WSJ', 'UPDATE 2-U.S. Justice Department escalates Apple probe - WSJ', 'Justice Department edges closer to antitrust action vs. Apple: report', 'U.S. Escalates Apple Probe, Looks to Involve Antitrust Chief', 'Warren Buffett’s Berkshire slashes TSMC holding, continues to build Apple stake', ""13F: 3 of Buffett's Latest Moves"", 'This Non-FAANG Big Tech Stock Is a Buy for 2023 and Beyond']"
2023-02-15 15:00:01,155.10000610351562,153.11000061035156,153.09,155.5,152.8800048828125,124.16999816894533,179.61000061035156,139.61319931030275,147.46124965667724,118.0,169.39,210.0,1.43,-0.059,1.24,1.24,5.97,5.97,2023-02-02 11:00:00-05:00,1.94,1.88,-0.0289,2023-04-26 06:00:00-04:00,1.43,"['Amazon, Apple, Meta CEOs subpoenaed by House Judiciary chairman', 'House Panel Issues Subpoenas to Tech CEOs for Information on Content Moderation', 'Look: Apple Just Filed a Patent for a Potentially Revolutionary New IPhone', 'U.S. Justice Department escalates Apple probe - WSJ', 'Time to Take a Bite Out of Apple ETFs Following Warren Buffett?', 'UPDATE 2-U.S. Justice Department escalates Apple probe - WSJ', 'Justice Department edges closer to antitrust action vs. Apple: report', 'U.S. Escalates Apple Probe, Looks to Involve Antitrust Chief']"
2023-02-15 15:30:01,154.83999633789062,153.11000061035156,153.09,155.5,152.8800048828125,124.16999816894533,179.61000061035156,139.61319931030275,147.46124965667724,118.0,169.39,210.0,1.43,-0.059,1.24,1.24,5.97,5.97,2023-02-02 11:00:00-05:00,1.94,1.88,-0.0289,2023-04-26 06:00:00-04:00,1.43,"['U.S. Escalates Apple Probe, Looks to Involve Antitrust Chief', 'Amazon, Apple, Meta CEOs subpoenaed by House Judiciary chairman', 'House Panel Issues Subpoenas to Tech CEOs for Information on Content Moderation', 'Look: Apple Just Filed a Patent for a Potentially Revolutionary New IPhone', 'U.S. Justice Department escalates Apple probe - WSJ', 'Time to Take a Bite Out of Apple ETFs Following Warren Buffett?', 'UPDATE 2-U.S. Justice Department escalates Apple probe - WSJ', 'Justice Department edges closer to antitrust action vs. Apple: report']"
2023-02-15 16:00:02,155.3300018310547,153.11000061035156,153.09,155.5,152.8800048828125,124.16999816894533,179.61000061035156,139.61319931030275,147.46124965667724,118.0,169.39,210.0,1.43,-0.059,1.24,1.24,5.97,5.97,2023-02-02 11:00:00-05:00,1.94,1.88,-0.0289,2023-04-26 06:00:00-04:00,1.43,"['House Panel Issues Subpoenas to Tech CEOs for Information on Content Moderation', 'DOJ officials draft potential antitrust complaint against Apple', 'U.S. Escalates Apple Probe, Looks to Involve Antitrust Chief', 'Amazon, Apple, Meta CEOs subpoenaed by House Judiciary chairman', 'GenZ and the Future of Investing', 'Look: Apple Just Filed a Patent for a Potentially Revolutionary New IPhone', 'U.S. Justice Department escalates Apple probe - WSJ', 'Time to Take a Bite Out of Apple ETFs Following Warren Buffett?']"
2023-02-15 16:30:02,155.3300018310547,153.11000061035156,153.09,155.5,152.8800048828125,124.16999816894533,179.61000061035156,139.61319931030275,147.46124965667724,118.0,169.39,210.0,1.43,-0.059,1.24,1.24,5.97,5.97,2023-02-02 11:00:00-05:00,1.94,1.88,-0.0289,2023-04-26 06:00:00-04:00,1.43,"['House Panel Issues Subpoenas to Tech CEOs for Information on Content Moderation', 'Apple Pushes Back Mixed-Reality Headset Debut Two Months to June', 'DOJ officials draft potential antitrust complaint against Apple', 'U.S. Escalates Apple Probe, Looks to Involve Antitrust Chief', 'Amazon, Apple, Meta CEOs subpoenaed by House Judiciary chairman', 'GenZ and the Future of Investing', 'Look: Apple Just Filed a Patent for a Potentially Revolutionary New IPhone', 'U.S. Justice Department escalates Apple probe - WSJ']"
2023-02-15 17:00:02,155.3300018310547,153.11000061035156,153.09,155.5,152.8800048828125,124.16999816894533,179.61000061035156,139.61319931030275,147.46124965667724,118.0,169.39,210.0,1.43,-0.059,1.24,1.24,5.97,5.97,2023-02-02 11:00:00-05:00,1.94,1.88,-0.0289,2023-04-26 06:00:00-04:00,1.43,"['Elon Musk and Steve Jobs on the Key to Disruptive Tech Products', 'House Panel Issues Subpoenas to Tech CEOs for Information on Content Moderation', 'Apple Pushes Back Mixed-Reality Headset Debut Two Months to June', 'DOJ officials draft potential antitrust complaint against Apple', 'U.S. Escalates Apple Probe, Looks to Involve Antitrust Chief', 'Amazon, Apple, Meta CEOs subpoenaed by House Judiciary chairman', 'GenZ and the Future of Investing', 'Look: Apple Just Filed a Patent for a Potentially Revolutionary New IPhone']"
2023-02-15 17:30:01,155.3300018310547,153.11000061035156,153.09,155.5,152.8800048828125,124.16999816894531,179.61000061035156,139.61319931030275,147.46124965667724,118.0,169.39,210.0,1.43,-0.059,1.24,1.24,5.97,5.97,2023-02-02 11:00:00-05:00,1.94,1.88,-0.028900000000000002,2023-04-26 06:00:00-04:00,1.43,"['Elon Musk and Steve Jobs on the Key to Disruptive Tech Products', 'Apple wants to move its manufacturing out of China', 'House Panel Issues Subpoenas to Tech CEOs for Information on Content Moderation', 'Apple Pushes Back Mixed-Reality Headset Debut Two Months to June', 'DOJ officials draft potential antitrust complaint against Apple', 'U.S. Escalates Apple Probe, Looks to Involve Antitrust Chief', 'Amazon, Apple, Meta CEOs subpoenaed by House Judiciary chairman', 'GenZ and the Future of Investing']"
